title;community;id;autores
Plausible reasoning from spatial observations;6;1301.2285v1;Jerome Lang, Philippe Muller
A Monte-Carlo Algorithm for Dempster-Shafer Belief;6;1303.5757v1;Nic Wilson
The Computational Complexity of Dominance and Consistency in CP-Nets;6;1401.3453v1;Judy Goldsmith, Jerome Lang, Miroslaw Truszczyski, Nic Wilson
The Assumptions Behind Dempster's Rule;6;1303.1518v1;Nic Wilson
Generating Graphoids from Generalised Conditional Probability;6;1302.6852v1;Nic Wilson
Rules, Belief Functions and Default Logic;6;1304.1134v1;Nic Wilson
Order-of-Magnitude Influence Diagrams;6;1202.3745v1;Radu Marinescu, Nic Wilson
New Results on Equilibria in Strategic Candidacy;6;1306.1849v2;Jérôme Lang, Nicolas Maudet, Maria Polukarov, Alice Cohen-Hadria
Penalty logic and its Link with Dempster-Shafer Theory;6;1302.6804v1;Florence Dupin de Saint-Cyr, Jerome Lang, Thomas Schiex
Syntax-based Default Reasoning as Probabilistic Model-based Diagnosis;6;1302.6827v1;Jerome Lang
Possibilistic decreasing persistence;6;1303.1510v1;Dimiter Driankov, Jerome Lang
Group Activity Selection Problem;6;1401.8151v1;Andreas Darmann, Edith Elkind, Sascha Kurz, Jérôme Lang, Joachim Schauer, Gerhard Woeginger
A Logic of Graded Possibility and Certainty Coping with Partial Inconsistency;6;1303.5727v1;Jerome Lang, Didier Dubois, Henri Prade
Possibility and Necessity Functions over Non-classical Logics;6;1302.6788v1;Philippe Besnard, Jerome Lang
The Complexity of Plan Existence and Evaluation in Probabilistic Domains;6;1302.1540v1;Judy Goldsmith, Michael L. Littman, Martin Mundhenk
Building a Stochastic Dynamic Model of Application Use;6;1301.3859v1;Peter J. Gorniak, David L. Poole
A Dynamic Approach to Probabilistic Inference;6;1304.1100v1;Michael C. Horsch, David L. Poole
Solving Asymmetric Decision Problems with Influence Diagrams;6;1302.6840v1;Runping Qi, Nevin Lianwen Zhang, David L. Poole
Exploring Localization in Bayesian Networks for Large Expert Systems;6;1303.5438v1;Yang Xiang, David L. Poole, Michael P. Beddoes
Incremental computation of the value of perfect information in stepwise-decomposable influence diagrams;6;1303.1502v1;Nevin Lianwen Zhang, Runping Qi, David L. Poole
What is an Optimal Diagnosis?;6;1304.1087v1;David L. Poole, Gregory M. Provan
Sidestepping the Triangulation Problem in Bayesian Net Computations;6;1303.5440v1;Nevin Lianwen Zhang, David L. Poole
High Level Path Planning with Uncertainty;6;1303.5740v1;Runping Qi, David L. Poole
The use of conflicts in searching Bayesian networks;6;1303.1497v1;David L. Poole
Representing Bayesian Networks within Probabilistic Horn Abduction;6;1303.5738v1;David L. Poole
Probabilistic Arc Consistency: A Connection between Constraint Reasoning and Probabilistic Reasoning;6;1301.3864v1;Michael C. Horsch, Bill Havens
A Method for Speeding Up Value Iteration in Partially Observable Markov Decision Processes;6;1301.6751v1;Nevin Lianwen Zhang, Stephen S. Lee, Weihong Zhang
Fast Value Iteration for Goal-Directed Markov Decision Processes;6;1302.1575v1;Nevin Lianwen Zhang, Weihong Zhang
Incremental Pruning: A Simple, Fast, Exact Method for Partially Observable Markov Decision Processes;6;1302.1525v1;Anthony R. Cassandra, Michael L. Littman, Nevin Lianwen Zhang
Region-Based Approximations for Planning in Stochastic Domains;6;1302.1573v1;Nevin Lianwen Zhang, Wenju Liu
Independence of Causal Influence and Clique Tree Propagation;6;1302.1574v1;Nevin Lianwen Zhang, Li Yan
Inter-causal Independence and Heterogeneous Factorization;6;1302.6855v1;Nevin Lianwen Zhang, David L Poole
"Possibilistic Constraint Satisfaction Problems or ""How to handle soft constraints?""";6;1303.5427v1;Thomas Schiex
Bounds Arc Consistency for Weighted CSPs;6;1401.3481v1;Matthias Zytnicki, Christine Gaspin, Simon de Givry, Thomas Schiex
From influence diagrams to multi-operator cluster DAGs;6;1206.6844v1;Cedric Pralet, Thomas Schiex, Gerard Verfaillie
Ending-based Strategies for Part-of-speech Tagging;6;1302.6777v1;Greg Adams, Beth Millar, Eric Neufeld, Tim Philip
Probabilistic Semantics and Defaults;6;1304.2370v1;Eric Neufeld, David L Poole
Exploring Parallelism in Learning Belief Networks;6;1302.1529v1;TongSheng Chu, Yang Xiang
Arguments using ontological and causal knowledge;6;1401.4144v1;Philippe Besnard, Marie-Odile Cordier, Yves Moinard
Learning Belief Networks in Domains with Recursively Embedded Pseudo Independent Submodels;6;1302.1549v1;Jun Hu, Yang Xiang
A Robust Quantum Random Access Memory;6;1201.2250v1;Fang-Yu Hong, Yang Xiang, Zhi-Yan Zhu, Li-zhen Jiang, Liang-neng Wu
Learning is planning: near Bayes-optimal reinforcement learning via Monte-Carlo tree search;6;1202.3699v1;John Asmuth, Michael L. Littman
A Bayesian Sampling Approach to Exploration in Reinforcement Learning;6;1205.2664v1;John Asmuth, Lihong Li, Michael L. Littman, Ali Nouri, David Wingate
CORL: A Continuous-state Offset-dynamics Reinforcement Learner;6;1206.3231v1;Emma Brunskill, Bethany Leffler, Lihong Li, Michael L. Littman, Nicholas Roy
Exploring compact reinforcement-learning representations with linear regression;6;1205.2606v1;Thomas J. Walsh, Istvan Szita, Carlos Diuk, Michael L. Littman
Incremental Model-based Learners With Formal Learning-Time Guarantees;6;1206.6870v1;Alexander L. Strehl, Lihong Li, Michael L. Littman
A Polynomial-time Nash Equilibrium Algorithm for Repeated Stochastic Games;6;1206.3277v1;Enrique Munoz de Cote, Michael L. Littman
Graphical Models for Game Theory;6;1301.2281v2;Michael Kearns, Michael L. Littman, Satinder Singh
An Efficient Optimal-Equilibrium Algorithm for Two-player Game Trees;6;1206.6855v1;Michael L. Littman, Nishkam Ravi, Arjun Talwar, Martin Zinkevich
Reversible Jump MCMC Simulated Annealing for Neural Networks;6;1301.3833v1;Christophe Andrieu, Nando de Freitas, Arnaud Doucet
Bayesian Multi-Scale Optimistic Optimization;6;1402.7005v1;Ziyu Wang, Babak Shakibi, Lin Jin, Nando de Freitas
Predicting Parameters in Deep Learning;6;1306.0543v2;Misha Denil, Babak Shakibi, Laurent Dinh, Marc'Aurelio Ranzato, Nando de Freitas
Exploiting correlation and budget constraints in Bayesian multi-armed bandit optimization;6;1303.6746v4;Matthew W. Hoffman, Bobak Shahriari, Nando de Freitas
Theoretical Analysis of Bayesian Optimisation with Unknown Gaussian Process Hyper-Parameters;6;1406.7758v1;Ziyu Wang, Nando de Freitas
Learning about individuals from group statistics;6;1207.1393v1;Hendrik Kuck, Nando de Freitas
Regret Bounds for Deterministic Gaussian Process Bandits;6;1203.2177v1;Nando de Freitas, Alex Smola, Masrour Zoghi
Distributed Parameter Estimation in Probabilistic Graphical Models;6;1406.3070v1;Yariv Dror Mizrahi, Misha Denil, Nando de Freitas
A Deep Architecture for Semantic Parsing;6;1404.7296v1;Edward Grefenstette, Phil Blunsom, Nando de Freitas, Karl Moritz Hermann
Rao-Blackwellised Particle Filtering for Dynamic Bayesian Networks;6;1301.3853v1;Arnaud Doucet, Nando de Freitas, Kevin Murphy, Stuart Russell
Adaptive Hamiltonian and Riemann Manifold Monte Carlo Samplers;6;1302.6182v1;ziyu wang, Shakir Mohamed, Nando de Freitas
Variational MCMC;6;1301.2266v1;Nando de Freitas, Pedro Hojen-Sorensen, Michael I. Jordan, Stuart Russell
Large-Flip Importance Sampling;6;1206.5239v1;Firas Hamze, Nando de Freitas
Herded Gibbs Sampling;6;1301.4168v2;Luke Bornn, Yutian Chen, Nando de Freitas, Mareija Eskelin, Jing Fang, Max Welling
Intracluster Moves for Constrained Discrete-Space MCMC;6;1203.3484v1;Firas Hamze, Nando de Freitas
Toward Practical N2 Monte Carlo: the Marginal Particle Filter;6;1207.1396v1;Mike Klaas, Nando de Freitas, Arnaud Doucet
Bayesian Optimization in a Billion Dimensions via Random Embeddings;6;1301.1942v2;Ziyu Wang, Frank Hutter, Masrour Zoghi, David Matheson, Nando de Freitas
New inference strategies for solving Markov Decision Processes using reversible jump MCMC;6;1205.2643v1;Matthias Hoffman, Hendrik Kueck, Nando de Freitas, Arnaud Doucet
Nonparametric Bayesian Logic;6;1207.1375v1;Peter Carbonetto, Jacek Kisynski, Nando de Freitas, David L Poole
Exponential Regret Bounds for Gaussian Process Bandits with Deterministic Observations;6;1206.6457v1;Nando de Freitas, Alex Smola, Masrour Zoghi
Decentralized, Adaptive, Look-Ahead Particle Filtering;6;1203.2394v1;Mohamed Osama Ahmed, Pouyan T. Bibalan, Nando de Freitas, Simon Fauvel
Asymptotic Efficiency of Deterministic Estimators for Discrete  Energy-Based Models: Ratio Matching and Pseudolikelihood;6;1202.3746v1;Benjamin Marlin, Nando de Freitas
Eccentricity distributions in nucleus-nucleus collisions;6;1405.6595v2;Li Yan, Jean-Yves Ollitrault, Arthur M. Poskanzer
Non linearities in the harmonic spectrum of heavy ion collisions with ideal and viscous hydrodynamics;6;1206.1905v2;Derek Teaney, Li Yan
LP-rounding Algorithms for the Fault-Tolerant Facility Placement Problem;6;1205.1281v5;Li Yan, Marek Chrobak
Constraint Processing in Lifted Probabilistic Inference;6;1205.2635v1;Jacek Kisynski, David L Poole
Symmetric Collaborative Filtering Using the Noisy Sensor Model;6;1301.2309v1;Rita Sharma, David L Poole
Seeing the Forest Despite the Trees: Large Scale Spatial-Temporal Decision Making;6;1205.2651v1;Mark Crowley, John Nelson, David L Poole
Three-dimensional, self-similar, light in unstable canonical optical resonators;6;1308.4898v1;Steven W. Miller, John Nelson, Johannes Courtial
The enriched Crouzeix-Raviart elements are equivalent to the Raviart-Thomas elements;6;1401.0977v2;Jun Hu, Rui Ma
The simplest mixed finite element method for linear elasticity in the symmetric formulation on $n$-rectangular grids;6;1304.5428v1;Jun Hu, Hongying Man, Shangyou Zhang
Nonconforming finite element methods on quadrilateral meshes;6;1304.4305v1;Jun Hu, Shangyou Zhang
Giant topological insulator gap in graphene with 5d adatoms;6;1206.4320v1;Jun Hu, Jason Alicea, Ruqian Wu, Marcel Franz
Chern Half Metals: A New Class of Topological Materials to Realize the Quantum Anomalous Hall Effect;6;1401.5453v3;Jun Hu, Zhenyue Zhu, Ruqian Wu
Runge-Kutta Central Discontinuous Galerkin BGK Method for the Navier-Stokes Equations;6;1402.4158v2;Tan Ren, Jun Hu, Tao Xiong, Jing-Mei Qiu
SEAL: Spatio-Textual Similarity Search;6;1205.6694v1;Ju Fan, Guoliang Li, Lizhu Zhou, Shanshan Chen, Jun Hu
Control of the magnetism and magnetic anisotropy of a single-molecule magnet with an electric field;6;1209.5453v3;Jun Hu, Ruqian Wu
Magnetism and Magnetic Anisotropy of Transition Metal-Phthalocyanine Molecules;6;1402.0278v1;Jun Hu, Ruqian Wu
Seminormal forms and cyclotomic quiver Hecke algebras of type;6;1304.0906v1;Jun Hu, Andrew Mathas
An Architecture for Probabilistic Concept-Based Information Retrieval;80;1304.1128v1;Robert Fung, S. L. Crawford, Lee A. Appelbaum, Richard M. Tong
Computational Advantages of Relevance Reasoning in Bayesian Belief Networks;80;1302.1558v1;Yan Lin, Marek J. Druzdzel
Knowledge Engineering for Large Belief Networks;80;1302.6839v1;Malcolm Pradhan, Gregory M. Provan, Blackford Middleton, Max Henrion
An Approximate Nonmyopic Computation for Value of Information;80;1303.5720v2;David Heckerman, Eric J. Horvitz, Blackford Middleton
Computational Investigation of Low-Discrepancy Sequences in Simulation Algorithms for Bayesian Networks;80;1301.3841v1;Jian Cheng, Marek J. Druzdzel
Confidence Inference in Bayesian Networks;80;1301.2260v1;Jian Cheng, Marek J. Druzdzel
Approximating MAP using Local Search;80;1301.2299v1;James D. Park, Adnan Darwiche
User Interface Tools for Navigation in Conditional Probability Tables and Elicitation of Probabilities in Bayesian Networks;80;1301.4430v1;Haiqin Wang, Marek J. Druzdzel
Qualitative Propagation and Scenario-based Explanation of Probabilistic Reasoning;80;1304.1082v1;Max Henrion, Marek J. Druzdzel
Intercausal Reasoning with Uninstantiated Ancestor Nodes;80;1303.1492v1;Marek J. Druzdzel, Max Henrion
A Comparison of Decision Analysis and Expert Rules for Sequential Diagnosis;80;1304.2362v1;Jayant Kalagnanam, Max Henrion
Efficient Estimation of the Value of Information in Monte Carlo Models;80;1302.6794v1;Tom Chavez, Max Henrion
Search-based Methods to Bound Diagnostic Probabilities in Very Large Belief Nets;80;1303.5721v1;Max Henrion
An Experimental Comparison of Numerical and Qualitative Probabilistic Reasoning;80;1302.6818v1;Max Henrion, Gregory M. Provan, Brendan del Favero, Gillian Sanders
Tradeoffs in Constructing and Evaluating Temporal Influence Diagrams;80;1303.1458v1;Gregory M. Provan
Dynamic Network Updating Techniques For Diagnostic Reasoning;80;1303.5739v1;Gregory M. Provan
A Standard Approach for Optimizing Belief Network Inference using Query DAGs;80;1302.1532v1;Adnan Darwiche, Gregory M. Provan
Symbolic Probabilistic Inference with Evidence Potential;80;1303.5713v1;Kuo-Chu Chang, Robert Fung
Symbolic Probabilistic Inference with Continuous Variables;80;1303.5712v1;Kuo-Chu Chang, Robert Fung
Refinement and Coarsening of Bayesian Networks;80;1304.1138v1;Kuo-Chu Chang, Robert Fung
Backward Simulation in Bayesian Networks;80;1302.6807v1;Robert Fung, Brendan del Favero
Exploiting Evidence in Probabilistic Inference;80;1207.1372v1;Mark Chavira, David Allen, Adnan Darwiche
Geotagging One Hundred Million Twitter Accounts with Total Variation Minimization;80;1404.7152v2;Ryan Compton, David Jurgens, David Allen
Causality in Bayesian Belief Networks;80;1303.1454v1;Marek J. Druzdzel, Herbert A. Simon
Node Splitting: A Scheme for Generating Upper Bounds in Bayesian Networks;80;1206.5251v1;Arthur Choi, Mark Chavira, Adnan Darwiche
A Variational Approach for Approximating Bayesian Networks by Edge Deletion;80;1206.6817v1;Arthur Choi, Adnan Darwiche
Approximating the Partition Function by Deleting and then Correcting for Model Edges;80;1206.3241v1;Arthur Choi, Adnan Darwiche
EDML: A Method for Learning Parameters in Bayesian Networks;80;1202.3709v1;Arthur Choi, Khaled S. Refaat, Adnan Darwiche
On Bayesian Network Approximation by Edge Deletion;80;1207.1370v1;Arthur Choi, Hei Chan, Adnan Darwiche
On the Relation between Kappa Calculus and Probabilistic Reasoning;80;1302.6797v1;Adnan Darwiche, Moises Goldszmidt
Argument Calculus and Networks;80;1303.1504v1;Adnan Darwiche
On the Robustness of Most Probable Explanations;80;1206.6819v1;Hei Chan, Adnan Darwiche
Any-Space Probabilistic Inference;80;1301.3848v1;Adnan Darwiche
Objection-Based Causal Networks;80;1303.5400v1;Adnan Darwiche
A Differential Approach to Inference in Bayesian Networks;80;1301.3847v1;Adnan Darwiche
Action Networks: A Framework for Reasoning about Actions and Change  under Uncertainty;80;1302.6796v1;Adnan Darwiche, Moises Goldszmidt
Learning Why Things Change: The Difference-Based Causality Learner;80;1203.3525v1;Mark Voortman, Denver Dash, Marek J. Druzdzel
Efficient inference in persistent Dynamic Bayesian Networks;80;1206.3289v1;Tomas Singliar, Denver Dash
Importance Sampling in Bayesian Networks: An Influence-Based Approximation Strategy for Importance Functions;80;1207.1422v1;Changhe Yuan, Marek J. Druzdzel
Some Properties of Joint Probability Distributions;80;1302.6802v1;Marek J. Druzdzel
Causal Mechanism-based Model Construction;80;1301.3872v1;Tsai-Ching Lu, Marek J. Druzdzel, Tze-Yun Leong
Structured Arc Reversal and Simulation of Dynamic Probabilistic Networks;104;1302.1527v1;Adrian Y. W. Cheuk, Craig Boutilier
SPOOK: A System for Probabilistic Object-Oriented Knowledge Representation;104;1301.6733v1;Avi Pfeffer, Daphne Koller, Brian Milch, Ken T. Takusagawa
A Case Study in Knowledge Discovery and Elicitation in an Intelligent Tutoring Application;104;1301.2297v1;Ann Nicholson, Tal Boneh, Tim Wilkin, Kaye Stacey, Liz Sonenberg, Vicki Steinle
Deliberation Scheduling for Time-Critical Sequential Decision Making;104;1303.1491v1;Thomas L. Dean, Leslie Pack Kaelbling, Jak Kirman, Ann Nicholson
Sensor Validation Using Dynamic Belief Networks;104;1303.5419v1;Ann Nicholson, J. M. Brady
Practical Linear Value-approximation Techniques for First-order MDPs;104;1206.6879v1;Scott Sanner, Craig Boutilier
Symbolic Dynamic Programming for Discrete and Continuous State MDPs;104;1202.3762v1;Scott Sanner, Karina Valdivia Delgado, Leliane Nunes de Barros
Approximate Linear Programming for First-order MDPs;104;1207.1415v1;Scott Sanner, Craig Boutilier
Monte Carlo Bayesian Reinforcement Learning;104;1206.6449v1;Yi Wang, Kok Sung Won, David Hsu, Wee Sun Lee
CAPIR: Collaborative Action Planning with Intention Recognition;104;1206.5928v1;Truong-Huy Dinh Nguyen, David Hsu, Wee-Sun Lee, Tze-Yun Leong, Leslie Pack Kaelbling, Tomas Lozano-Perez, Andrew Haydn Grant
Residual Belief Propagation: Informed Scheduling for Asynchronous Message Passing;104;1206.6837v1;Gal Elidan, Ian McGraw, Daphne Koller
Aggregating Learned Probabilistic Beliefs;104;1301.2293v1;Pedrito Maynard-Reid II, Urszula Chajewska
Utilities as Random Variables: Density Estimation and Structure  Discovery;104;1301.3840v1;Urszula Chajewska, Daphne Koller
Defining Explanation in Probabilistic Systems;104;1302.1526v1;Urszula Chajewska, Joseph Y. Halpern
Efficient Selection of Disambiguating Actions for Stereo Vision;104;1206.6878v1;Monika Schaeffer, Ron Parr
Inference in Hybrid Networks: Theoretical Limits and Practical  Algorithms;104;1301.2288v1;Uri Lerner, Ron Parr
Policy Iteration for Factored MDPs;104;1301.3869v1;Daphne Koller, Ron Parr
Asynchronous Dynamic Bayesian Networks;104;1207.1398v1;Avi Pfeffer, Terry Tai
Using First-Order Probability Logic for the Construction of Bayesian Networks;104;1303.1480v1;Fahiem Bacchus
Using New Data to Refine a Bayesian Network;104;1302.6826v1;Wai Lam, Fahiem Bacchus
Using Causal Information and Local Measures to Learn Bayesian Networks;104;1303.1483v1;Wai Lam, Fahiem Bacchus
Generating New Beliefs From Old;104;1302.6783v1;Fahiem Bacchus, Adam J. Grove, Joseph Y. Halpern, Daphne Koller
UCP-Networks: A Directed Graphical Representation of Conditional Utilities;104;1301.2259v1;Craig Boutilier, Fahiem Bacchus, Ronen I. Brafman
Probability Distributions Over Possible Worlds;104;1304.2341v1;Fahiem Bacchus
Solving #SAT and Bayesian Inference with Backtracking Search;104;1401.3458v1;Fahiem Bacchus, Shannon Dalmao, Toniann Pitassi
Exact Inference in Networks with Discrete Children of Continuous Parents;104;1301.2289v1;Uri Lerner, Eran Segal, Daphne Koller
Probabilistic Causal Reasoning;104;1304.2348v1;Thomas L. Dean, Keiji Kanazawa
Model Reduction Techniques for Computing Approximately Optimal Solutions for Markov Decision Processes;104;1302.1533v1;Thomas L. Dean, Robert Givan, Sonia Leach
Accelerating EM: An Empirical Study;104;1301.6730v1;Luis E. Ortiz, Leslie Pack Kaelbling
Adaptive Importance Sampling for Estimation in Structured Domains;104;1301.3882v1;Luis E. Ortiz, Leslie Pack Kaelbling
Value-Directed Sampling Methods for POMDPs;104;1301.2305v1;Pascal Poupart, Luis E. Ortiz, Craig Boutilier
Reducing Uncertainty in Navigation and Exploration;104;1304.1094v1;K. Bayse, M. Lejter, Keiji Kanazawa
A New Approach to Updating Beliefs;104;1304.1119v1;Ronald Fagin, Joseph Y. Halpern
Probability Update: Conditioning vs. Cross-Entropy;104;1302.1543v1;Adam J. Grove, Joseph Y. Halpern
Probability Estimation in Face of Irrelevant Information;104;1303.5719v1;Adam J. Grove, Daphne Koller
Learning Bayesian Nets that Perform Well;104;1302.1542v1;Russell Greiner, Adam J. Grove, Dale Schuurmans
Nonuniform Dynamic Discretization in Hybrid Networks;104;1302.1555v1;Alexander V. Kozlov, Daphne Koller
Integrating Planning and Execution in Stochastic Domains;104;1302.6799v1;Richard Dearden, Craig Boutilier
Tight Bounds for Set Disjointness in the Message Passing Model;104;1305.4696v1;Mark Braverman, Faith Ellen, Rotem Oshman, Toniann Pitassi, Vinod Vaikuntanathan
Learning to Map Sentences to Logical Form: Structured Classification with Probabilistic Categorial Grammars;104;1207.1420v1;Luke S. Zettlemoyer, Michael Collins
Learning Probabilistic Relational Dynamics for Multiple Tasks;104;1206.5249v1;Ashwin Deshpande, Brian Milch, Luke S. Zettlemoyer, Leslie Pack Kaelbling
Expectation Propagation for Continuous Time Bayesian Networks;104;1207.1401v1;Uri Nodelman, Daphne Koller, Christian R. Shelton
Policy Improvement for POMDPs Using Normalized Importance Sampling;104;1301.2310v1;Christian R. Shelton
Factored Filtering of Continuous-Time Systems;104;1202.3703v1;E. Busra Celikkaya, Christian R. Shelton, William Lam
Learning Continuous-Time Social Network Dynamics;104;1205.2648v1;Yu Fan, Christian R. Shelton
Expectation Maximization and Complex Duration Distributions for Continuous Time Bayesian Networks;104;1207.1402v1;Uri Nodelman, Christian R. Shelton, Daphne Koller
Visualization of Collaborative Data;104;1206.6850v1;Guobiao Mei, Christian R. Shelton
Active Learning for Matching Problems;104;1206.4647v1;Laurent Charlin, Rich Zemel, Craig Boutilier
Hierarchical POMDP Controller Optimization by Likelihood Maximization;104;1206.3291v1;Marc Toussaint, Laurent Charlin, Pascal Poupart
A Framework for Optimizing Paper Matching;104;1202.3706v1;Laurent Charlin, Richard S. Zemel, Craig Boutilier
Regret-based Reward Elicitation for Markov Decision Processes;104;1205.2619v1;Kevin Regan, Craig Boutilier
Modal Logics for Qualitative Possibility and Beliefs;104;1303.5393v1;Craig Boutilier
The Probability of a Possibility: Adding Uncertainty to Default Rules;104;1303.1509v1;Craig Boutilier
Correlated Action Effects in Decision Theoretic Regression;104;1302.1522v1;Craig Boutilier
Approximately Optimal Monitoring of Plan Preconditions;104;1301.3839v1;Craig Boutilier
Toward Experiential Utility Elicitation for Interface Customization;104;1206.3258v1;Bowen Hui, Craig Boutilier
Vector-space Analysis of Belief-state Approximation for POMDPs;104;1301.2304v1;Pascal Poupart, Craig Boutilier
Minimax regret based elicitation of generalized additive utilities;104;1206.5255v1;Darius Braziunas, Craig Boutilier
Value-Directed Belief State Approximation for POMDPs;104;1301.3887v1;Pascal Poupart, Craig Boutilier
Bootstrapping Monte Carlo Tree Search with an Imperfect Heuristic;104;1206.5940v1;Truong-Huy Dinh Nguyen, Wee-Sun Lee, Tze-Yun Leong
Rank/Norm Regularization with Closed-Form Solutions: Application to Subspace Clustering;104;1202.3772v2;Yao-Liang Yu, Dale Schuurmans
Maximum Margin Bayesian Networks;104;1207.1382v1;Yuhong Guo, Dana Wilkinson, Dale Schuurmans
Monte Carlo Inference via Greedy Importance Sampling;104;1301.3890v1;Dale Schuurmans, Finnegan Southey
Regularizers versus Losses for Nonlinear Dimensionality Reduction: A Factored View with New Convex Relaxations;104;1206.6455v1;Yaoliang Yu, James Neufeld, Ryan Kiros, Xinhua Zhang, Dale Schuurmans
Convex Structure Learning for Bayesian Networks: Polynomial Feature Selection and Approximate Ordering;104;1206.6832v1;Yuhong Guo, Dale Schuurmans
Reinforcement Ranking;104;1303.5988v1;Hengshuai Yao, Dale Schuurmans
A logic for reasoning about ambiguity;104;1401.2011v1;Joseph Y. Halpern, Willemien Kets
Weighted Sets of Probabilities and Minimax Weighted Expected Regret: New Approaches for Representing Uncertainty and Making Decisions;104;1302.5681v1;Joseph Y. Halpern, Samantha Leung
Ambiguous Language and Differences in Beliefs;104;1203.0699v1;Joseph Y. Halpern, Willemien Kets
Causes and Explanations: A Structural-Model Approach --- Part 1: Causes;104;1301.2275v1;Joseph Y. Halpern, Judea Pearl
Convex Point Estimation using Undirected Bayesian Transfer Hierarchies;104;1206.3252v1;Gal Elidan, Ben Packer, Geremy Heitz, Daphne Koller
Learning the Dimensionality of Hidden Variables;104;1301.2269v1;Gal Elidan, Nir Friedman
Inference-less Density Estimation using Copula Bayesian Networks;104;1203.3476v1;Gal Elidan
Identifying reasoning patterns in games;104;1206.3235v1;Dimitrios Antos, Avi Pfeffer
Learning Game Representations from Data Using Rationality Constraints;104;1203.3480v1;Xi Alice Gao, Avi Pfeffer
Networks of Influence Diagrams: A Formalism for Representing Agents'  Beliefs and Decision-Making Processes;104;1401.3426v1;Yaakov Gal, Avi Pfeffer
Temporal Action-Graph Games: A New Representation for Dynamic Games;104;1205.2638v1;Albert Xin Jiang, Kevin Leyton-Brown, Avi Pfeffer
Object-Oriented Bayesian Networks;104;1302.1554v1;Daphne Koller, Avi Pfeffer
Sufficiency, Separability and Temporal Probabilistic Models;104;1301.2301v1;Avi Pfeffer
Learning and Solving Many-Player Games through a Cluster-Based Representation;104;1206.3253v1;Sevan G. Ficici, David C. Parkes, Avi Pfeffer
Proceedings of the Twenty-Seventh Conference on Uncertainty in Artificial Intelligence (2011);104;1205.2596v2;Fabio Cozman, Avi Pfeffer
Approximate Separability for Weak Interaction in Dynamic Systems;104;1206.6846v1;Avi Pfeffer
Comparative Analysis of Probabilistic Models for Activity Recognition with an Instrumented Walker;104;1203.3500v1;Farheen Omar, Mathieu Sinn, Jakub Truszkowski, Pascal Poupart, James Tung, Allen Caine
MAP Estimation of Semi-Metric MRFs via Hierarchical Graph Cuts;104;1205.2633v1;M. Pawan Kumar, Daphne Koller
Modeling Latent Variable Uncertainty for Loss-based Learning;104;1206.4636v1;M. Pawan Kumar, Ben Packer, Daphne Koller
Being Bayesian about Network Structure;104;1301.3856v1;Nir Friedman, Daphne Koller
Continuous Time Markov Networks;104;1206.6838v1;Tal El-Hay, Nir Friedman, Daphne Koller, Raz Kupferman
Probabilistic Models for Agents' Beliefs and Decisions;104;1301.3876v1;Brian Milch, Daphne Koller
Constrained Approximate Maximum Entropy Learning of Markov Random Fields;104;1206.3257v1;Varun Ganapathi, David Vickrey, John Duchi, Daphne Koller
Ordering-Based Search: A Simple and Effective Algorithm for Learning Bayesian Networks;104;1207.1429v1;Marc Teyssier, Daphne Koller
Update Rules for Parameter Estimation in Bayesian Networks;104;1302.1519v1;Eric Bauer, Daphne Koller, Yoram Singer
Reasoning at the Right Time Granularity;104;1206.5260v1;Suchi Saria, Uri Nodelman, Daphne Koller
Projected Subgradient Methods for Learning Sparse Gaussians;104;1206.3249v1;John Duchi, Stephen Gould, Daphne Koller
Parallel random variates generator for GPUs based on normal numbers;104;1206.1187v2;Gleb Beliakov, Michael Johnstone, Doug Creighton, Tim Wilkin
Newton methods for k-order Markov Constrained Motion Problems;104;1407.0414v1;Marc Toussaint
Estimating Densities with Non-Parametric Exponential Families;104;1206.5036v2;Lin Yuan, Sergey Kirshner, Robert Givan
General-Purpose MCMC Inference over Relational Structures;104;1206.6849v1;Brian Milch, Stuart Russell
Representation Requirements for Supporting Decision Model Formulation;104;1303.5730v1;Tze-Yun Leong
Representing Context-Sensitive Knowledge in a Network Formalism: A Preliminary Report;104;1303.5414v1;Tze-Yun Leong
Multiple models of Bayesian networks applied to offline recognition of Arabic handwritten city names;116;1301.4377v1;Mohamed Ali Mahjoub, Nabil Ghanmy, Khlifia jayech, Ikram Miled
Etude de Modeles a base de reseaux Bayesiens pour l'aide au diagnostic de tumeurs cerebrales;116;1207.2459v1;Fradj Ben Lamine, Karim Kalti, Mohamed Ali Mahjoub
Use of Fuzzy Sets in Semantic Nets for Providing On-Line Assistance to User of Technological Systems;116;1206.1061v1;Mohamed Nazih Omri, Mohamed Ali Mahjoub
On the Qualitative Comparison of Decisions Having Positive and Negative Features;116;1401.3444v1;Didier Dubois, Hélène Fargier, Jean-François Bonnefon
Analytical reasoning task reveals limits of social learning in networks;116;1406.7564v1;Iyad Rahwan, Dmytro Krasnoshtan, Azim Shariff, Jean-Francois Bonnefon
Loopy Belief Propagation in Bayesian Networks : origin and possibilistic perspectives;116;1206.0976v1;Amen Ajroud, Mohamed Nazih Omri, Habib Youssef, Salem Benferhat
Compiling Possibilistic Networks: Alternative Approaches to Possibilistic Inference;116;1203.3465v1;Raouia Ayachi, Nahla Ben Amor, Salem Benferhat, Rolf Haenni
Argumentative inference in uncertain and inconsistent knowledge bases;116;1303.1503v1;Salem Benferhat, Didier Dubois, Henri Prade
A Principled Analysis of Merging Operations in Possibilistic Logic;116;1301.3835v1;Salem Benferhat, Didier Dubois, Souhila Kaci, Henri Prade
Graphical readings of possibilistic logic bases;116;1301.2255v1;Salem Benferhat, Didier Dubois, Souhila Kaci, Henri Prade
Constraint Propagation with Imprecise Conditional Probabilities;116;1303.5706v1;Stephane Amarger, Didier Dubois, Henri Prade
Modeling uncertain and vague knowledge in possibility and evidence theories;116;1304.2349v1;Didier Dubois, Henri Prade
A Symbolic Approach to Reasoning with Linguistic Quantifiers;116;1303.5401v1;Didier Dubois, Henri Prade, Lluis Godo, Ramon Lopez de Mantaras
A fuzzy relation-based extension of Reggia's relational model for diagnosis handling uncertain and incomplete information;116;1303.1466v1;Didier Dubois, Henri Prade
Updating with Belief Functions, Ordinal Conditioning Functions and Possibility Measures;116;1304.1118v1;Didier Dubois, Henri Prade
Decision-making Under Ordinal Preferences and Comparative Uncertainty;116;1302.1537v1;Didier Dubois, Helene Fargier, Henri Prade
An Ordinal View of Independence with Application to Plausible Reasoning;116;1302.6803v1;Didier Dubois, Luis Farinas del Cerro, Andreas Herzig, Henri Prade
A Complete Calculus for Possibilistic Logic Programming with Fuzzy Propositional Variables;116;1301.3832v1;Teresa Alsinet, Lluis Godo
On Modal Logics for Qualitative Possibility in a Fuzzy Setting;116;1302.6813v1;Petr Hajek, Dagmar Harmancová, Francesc Esteva, Pere Garcia, Lluis Godo
Combining Multiple-Valued Logics in Modular Expert Systems;116;1303.5705v1;Jaume Agustí-Cullell, Francesc Esteva, Pere Garcia, Lluis Godo, Carles Sierra
Incremental Map Generation by Low Cost Robots Based on Possibility/Necessity Grids;116;1302.1559v1;Maite Lopez-Sanchez, Ramon Lopez de Mantaras, Carles Sierra
Tableaux for Dynamic Logic of Propositional Assignments;116;1406.2161v1;Tiago de Lima, Andreas Herzig
Evolution of Ideas: A Novel Memetic Algorithm Based on Semantic Networks;116;1201.2706v2;Atilim Gunes Baydin, Ramon Lopez de Mantaras
On the Complexity of Decision Making in Possibilistic Decision Trees;116;1202.3718v1;Helene Fargier, Nahla Ben Amor, Wided Guezguez
Optimization of Fuzzy Semantic Networks Based on Galois Lattice and Bayesian Formalism;116;1206.1852v1;Mohamed Nazih Omri
Fuzzy Knowledge Representation, Learning and Optimization with Bayesian Analysis in Fuzzy Semantic Networks;116;1206.1794v1;Mohamed Nazih Omri
Softening Fuzzy Knowledge Representation Tool with the Learning of New Words in Natural Language;116;1206.1724v1;Mohamed Nazih Omri
Uncertain and Approximative Knowledge Representation to Reasoning on Classification with a Fuzzy Networks Based System;116;1206.2347v1;Mohamed Nazih Omri
Possibilistic Pertinence Feedback and Semantic Networks for Goal's Extraction;116;1206.0925v1;Mohamed Nazih Omri
Pertinent Information retrieval based on Possibilistic Bayesian network : origin and possibilistic perspective;116;1206.0968v1;Kamel Garrouch, Mohamed Nazih Omri, Bachir Elayeb
ViQIE: A New Approach for Visual Query Interpretation and Extraction;116;1205.0919v1;Radhouane Boughammoura Lobna Hlaoua, Mohamed Nazih Omri
Fuzzy Knowledge Representation Based on Possibilistic and Necessary Bayesian Networks;116;1206.0918v1;Abdelkader Heni, Mohamed Nazih Omri, Adel Alimi
VIQI: A New Approach for Visual Interpretation of Deep Web Query Interfaces;116;1205.0917v1;Radhouane Boughamoura, Lobna Hlaoua, Mohamed Nazih Omri
A Fuzzy Approach for Pertinent Information Extraction from Web Resources;116;1206.0905v1;Radhouane Boughamoura, Mohamed Nazih Omri, Habib Youssef
Relevance Feedback for Goal's Extraction from Fuzzy Semantic Networks;116;1206.1042v1;Mohamed Nazih Omri
Selecting Computations: Theory and Applications;134;1408.2048v1;Nicholas Hay, Stuart Russell, David Tolpin, Solomon Eyal Shimony
VOI-aware MCTS;134;1207.5589v1;David Tolpin, Solomon Eyal Shimony
MCTS Based on Simple Regret;134;1207.5536v1;David Tolpin, Solomon Eyal Shimony
Common dependence on earthquake magnitudes for the trapped particles bursts approaching the earthquake;134;1211.1796v2;Ping Wang, Huanyu Wang, Hong Lu, Xiangcheng Meng, Jilong Zhang, Hui Wang, Feng Shi, Yanbing Xu, Xinqiao Li, Xiaoxia Yu, Xiaoyun Zhao, Feng Wu, Zhenghua An, Wenqi Jiang, Hanyi Liu
Aspects of Electrodynamics Modified by Some Dimension-five Lorentz Violating Interactions;134;1304.6484v2;Shan-quan Lan, Feng Wu
Rollout Sampling Policy Iteration for Decentralized POMDPs;134;1203.3528v1;Feng Wu, Shlomo Zilberstein, Xiaoping Chen
Online Stochastic Optimization under Correlated Bandit Feedback;134;1402.0562v3;Mohammad Gheshlaghi Azar, Alessandro Lazaric, Emma Brunskill
Regret Bounds for Reinforcement Learning with Policy Advice;134;1305.1027v2;Mohammad Gheshlaghi Azar, Alessandro Lazaric, Emma Brunskill
RAPID: A Reachable Anytime Planner for Imprecisely-sensed Domains;134;1203.3538v1;Emma Brunskill, Stuart Russell
Extended Lifted Inference with Joint Formulas;134;1202.3698v1;Udi Apsel, Ronen I. Brafman
Generic Preferences over Subsets of Structured Objects;134;1401.3459v1;Maxim Binshtok, Ronen I. Brafman, Carmel Domshlak, Solomon Eyal Shimony
Simple Regret Optimization in Online Planning for Markov Decision Processes;134;1206.3382v2;Zohar Feldman, Carmel Domshlak
Unstructuring User Preferences: Efficient Non-Parametric Utility Revelation;134;1207.1390v1;Carmel Domshlak, Thorsten Joachims
Cost-Sharing in Bayesian Knowledge Bases;134;1302.1567v1;Solomon Eyal Shimony, Carmel Domshlak, Eugene Santos Jr
Online Speedup Learning for Optimal Planning;134;1401.5861v1;Carmel Domshlak, Erez Karpas, Shaul Markovitch
A Heuristic Search Approach to Planning with Continuous Resources in Stochastic Domains;134;1401.3428v1;Nicolas Meuleau, Emmanuel Benazera, Ronen I. Brafman, Eric A. Hansen, Mausam
A temporally abstracted Viterbi algorithm;134;1202.3707v1;Shaunak Chatterjee, Stuart Russell
A compact, hierarchical Q-function decomposition;134;1206.6851v1;Bhaskara Marthi, Stuart Russell, David Andre
Gibbs Sampling in Open-Universe Stochastic Languages;134;1203.3464v1;Nimar S. Arora, Rodrigo de Salvo Braz, Erik B. Sudderth, Stuart Russell
Fine-Grained Decision-Theoretic Search Control;134;1304.1133v1;Stuart Russell
Improving Gradient Estimation by Incorporating Sensor Data;134;1206.3272v1;Gregory Lawrence, Stuart Russell
Image Segmentation in Video Sequences: A Probabilistic Approach;134;1302.1539v1;Nir Friedman, Stuart Russell
Suboptimality Bounds for Stochastic Shortest Path Problems;134;1202.3729v1;Eric A. Hansen
Policy Iteration for Decentralized Control of Markov Decision Processes;134;1401.3460v1;Daniel S. Bernstein, Christopher Amato, Eric A. Hansen, Shlomo Zilberstein
Improving the Scalability of Optimal Bayesian Network Learning with External-Memory Frontier Breadth-First Branch and Bound Search;134;1202.3744v1;Brandon Malone, Changhe Yuan, Eric A. Hansen, Susan Bridges
Solving Multistage Influence Diagrams using Branch-and-Bound Search;134;1203.3531v1;Changhe Yuan, Xiaojian Wu, Eric A. Hansen
Sparse Stochastic Finite-State Controllers for POMDPs;134;1206.3263v1;Eric A. Hansen
Message-Passing Algorithms for Quadratic Programming Formulations of MAP Estimation;134;1202.3739v1;Akshat Kumar, Shlomo Zilberstein
Anytime Planning for Decentralized POMDPs using Expectation Maximization;134;1203.3490v1;Akshat Kumar, Shlomo Zilberstein
On model reduction for quantum dynamics: symmetries and invariant subspaces;134;1406.7069v2;Akshat Kumar, Mohan Sarovar
A Bilinear Programming Approach for Multiagent Planning;134;1401.3461v1;Marek Petrik, Shlomo Zilberstein
The Complexity of Decentralized Control of Markov Decision Processes;134;1301.3836v1;Daniel S Bernstein, Shlomo Zilberstein, Neil Immerman
Optimizing Memory-Bounded Controllers for Decentralized POMDPs;134;1206.5258v1;Christopher Amato, Daniel S Bernstein, Shlomo Zilberstein
Most Relevant Explanation: Properties, Algorithms, and Evaluations;134;1205.2601v1;Changhe Yuan, Xiaolu Liu, Tsai-Ching Lu, Heejin Lim
Joint modeling of multiple time series via the beta process with application to motion capture segmentation;134;1308.4747v3;Emily B. Fox, Michael C. Hughes, Erik B. Sudderth, Michael I. Jordan
Methods for Ordinal Peer Grading;134;1404.3656v1;Karthik Raman, Thorsten Joachims
Online Structured Prediction via Coactive Learning;134;1205.4213v2;Pannaga Shivaswamy, Thorsten Joachims
Reducing Dueling Bandits to Cardinal Bandits;134;1405.3396v1;Nir Ailon, Thorsten Joachims, Zohar Karnin
Learning Trajectory Preferences for Manipulators via Iterative Improvement;134;1306.6294v2;Ashesh Jain, Brian Wojcik, Thorsten Joachims, Ashutosh Saxena
Observation Subset Selection as Local Compilation of Performance Profiles;134;1206.3283v1;Yan Radovilsky, Solomon Eyal Shimony
Algorithms for Irrelevance-Based Partial MAPs;134;1303.5751v1;Solomon Eyal Shimony
Relevant Explanations: Allowing Disjunctive Assignments;134;1303.1478v1;Solomon Eyal Shimony
Complexity of Canadian Traveler Problem Variants;134;1207.4710v1;Dror Fried, Solomon Eyal Shimony, Amit Benbassat, Cenny Wenner
Belief Updating by Enumerating High-Probability Independence-Based Assignments;134;1302.6842v1;Eugene Santos Jr., Solomon Eyal Shimony
Bayes Networks for Sonar Sensor Fusion;134;1302.1520v1;Ami Berler, Solomon Eyal Shimony
A New Algorithm for Finding MAP Assignments to Belief Networks;134;1304.1093v1;Solomon Eyal Shimony, Eugene Charniak
Incremental Clustering and Expansion for Faster Optimal Planning in Dec-POMDPs;134;1402.0566v1;Frans Adriaan Oliehoek, Matthijs T.J. Spaan, Christopher Amato, Shimon Whiteson
Scalable Planning and Learning for Multiagent POMDPs: Extended Version;134;1404.1140v2;Christopher Amato, Frans A. Oliehoek
IDEAL: A Software Package for Analysis of Influence Diagrams;134;1304.1107v1;Sampath Srinivas, John S. Breese
Integrating Model Construction and Evaluation;134;1303.5405v1;Robert P. Goldman, John S. Breese
Decision-Theoretic Control of Problem Solving: Principles and Architecture;134;1304.2343v1;John S. Breese, Michael R. Fehling
Decision Making with Interval Influence Diagrams;134;1304.1096v1;John S. Breese, Kenneth W. Fertig
Ideal Reformulation of Belief Networks;134;1304.1089v1;John S. Breese, Eric J. Horvitz
A New Look at Causal Independence;134;1302.6814v2;David Heckerman, John S. Breese
Computationally-Optimal Real-Resource Strategies;134;1304.1090v1;David Einav, Michael R. Fehling
A Probabilistic Approach to Hierarchical Model-based Diagnosis;134;1302.6846v1;Sampath Srinivas
A Generalization of the Noisy-Or Model;134;1303.1479v1;Sampath Srinivas
Probabilistic Conceptual Network: A Belief Representation Scheme for Utility-Based Categorization;134;1303.1474v1;Kim-Leng Poh, Michael R. Fehling
A Structured, Probabilistic Representation of Action;134;1302.6798v1;Ron Davidson, Michael R. Fehling
Decision Methods for Adaptive Task-Sharing in Associate Systems;134;1303.5423v1;Thomas S. Paterson, Michael R. Fehling
Epsilon-Safe Planning;134;1302.6810v1;Robert P. Goldman, Mark S. Boddy
Dynamic Construction of Belief Networks;134;1304.1092v1;Robert P. Goldman, Eugene Charniak
A Probabilistic Analysis of Marker-Passing Techniques for Plan-Recognition;134;1303.5711v1;Glenn Carroll, Eugene Charniak
On the Generation of Alternative Explanations with Implications for Belief Revision;134;1303.5747v1;Eugene Santos Jr
A Survey of Multi-Objective Sequential Decision-Making;134;1402.0590v1;Diederik Marijn Roijers, Peter Vamplew, Shimon Whiteson, Richard Dazeley
Wikipedia-based Semantic Interpretation for Natural Language Processing;134;1401.5697v1;Evgeniy Gabrilovich, Shaul Markovitch
Anytime Induction of Low-cost, Low-error Classifiers: a Sampling-based Approach;134;1401.3447v1;Saher Esmeir, Shaul Markovitch
Learning to Predict from Textual Data;134;1402.0574v1;Kira Radinsky, Sagie Davidovich, Shaul Markovitch
A Generalized Loop Correction Method for Approximate Inference in Graphical Models;145;1206.4654v1;Siamak Ravanbakhsh, Chun-Nam Yu, Russell Greiner
Bayesian Error-Bars for Belief Net Inference;145;1301.2313v1;Tim Van Allen, Russell Greiner, Peter Hooper
Planning by Prioritized Sweeping with Small Backups;145;1301.2343v1;Harm van Seijen, Richard S. Sutton
PAC-Bayesian Policy Evaluation for Reinforcement Learning;145;1202.3717v1;Mahdi MIlani Fard, Joelle Pineau, Csaba Szepesvari
Online Learning under Delayed Feedback;145;1306.0686v2;Pooria Joulani, András György, Csaba Szepesvári
Online Learning in Markov Decision Processes with Adversarially Chosen Transition Probability Distributions;145;1303.3055v1;Yasin Abbasi-Yadkori, Peter L. Bartlett, Csaba Szepesvari
A Randomized Mirror Descent Algorithm for Large Scale Multiple Kernel Learning;145;1205.0288v2;Arash Afkanpour, András György, Csaba Szepesvári, Michael Bowling
Statistical Linear Estimation with Penalized Estimators: an Application to Reinforcement Learning;145;1206.6444v1;Bernardo Avila Pires, Csaba Szepesvari
Analysis of Kernel Mean Matching under Covariate Shift;145;1206.4650v1;Yaoliang Yu, Csaba Szepesvari
Apprenticeship Learning using Inverse Reinforcement Learning and Gradient Methods;145;1206.5264v1;Gergely Neu, Csaba Szepesvari
An Adaptive Algorithm for Finite Stochastic Partial Monitoring;145;1206.6487v1;Gabor Bartok, Navid Zolghadr, Csaba Szepesvari
Dyna-Style Planning with Linear Function Approximation and Prioritized Sweeping;145;1206.3285v1;Richard S. Sutton, Csaba Szepesvari, Alborz Geramifard, Michael P. Bowling
Speeding Up Planning in Markov Decision Processes via Automatically Constructed Abstractions;145;1206.3233v1;Alejandro Isaza, Csaba Szepesvari, Vadim Bulitko, Russell Greiner
Improved Mean and Variance Approximations for Belief Net Responses via Network Doubling;145;1205.2642v1;Peter Hooper, Yasin Abbasi-Yadkori, Russell Greiner, Bret Hoehn
Linear Programming for Large-Scale Markov Decision Problems;145;1402.6763v1;Yasin Abbasi-Yadkori, Peter L. Bartlett, Alan Malek
Training Restricted Boltzmann Machine by Perturbation;145;1405.1436v1;Siamak Ravanbakhsh, Russell Greiner, Brendan Frey
Off-Policy Actor-Critic;145;1205.4839v5;Thomas Degris, Martha White, Richard S. Sutton
Bayes' Bluff: Opponent Modelling in Poker;145;1207.1411v1;Finnegan Southey, Michael P. Bowling, Bryce Larson, Carmelo Piccione, Neil Burch, Darse Billings, Chris Rayner
Bounding Search Space Size via (Hyper)tree Decompositions;151;1206.3284v1;Lars Otten, Rina Dechter
Studies in Lower Bounding Probabilities of Evidence using the Markov Inequality;151;1206.5242v1;Vibhav Gogate, Bozhena Bidyuk, Rina Dechter
Cutset Sampling with Likelihood Weighting;151;1206.6822v1;Bozhena Bidyuk, Rina Dechter
Modeling Transportation Routines using Hybrid Dynamic Mixed Networks;151;1207.1384v1;Vibhav Gogate, Rina Dechter, Bozhena Bidyuk, Craig Rindt, James Marca
AND/OR Multi-Valued Decision Diagrams (AOMDDs) for Weighted Graphical Models;151;1206.5266v1;Robert Mateescu, Rina Dechter
The Relationship Between AND/OR Search and Variable Elimination;151;1207.1407v1;Robert Mateescu, Rina Dechter
AND/OR Multi-Valued Decision Diagrams (AOMDDs) for Graphical Models;151;1401.3448v1;Robert Mateescu, Rina Dechter, Radu Marinescu
Join-Graph Propagation Algorithms;151;1401.3489v1;Robert Mateescu, Kalev Kask, Vibhav Gogate, Rina Dechter
Exchangeable Variable Models;151;1405.0501v1;Mathias Niepert, Pedro Domingos
Learning Arithmetic Circuits;151;1206.3271v1;Daniel Lowd, Pedro Domingos
Formula-Based Probabilistic Inference;151;1203.3482v1;Vibhav Gogate, Pedro Domingos
Sum-Product Networks: A New Deep Architecture;151;1202.3732v1;Hoifung Poon, Pedro Domingos
Probabilistic Theorem Proving;151;1202.3724v1;Vibhav Gogate, Pedro Domingos
Approximation by Quantization;151;1202.3723v1;Vibhav Gogate, Pedro Domingos
AND/OR Importance Sampling;151;1206.3232v1;Vibhav Gogate, Rina Dechter
Approximate Inference Algorithms for Hybrid Bayesian Networks with Discrete Constraints;151;1207.1385v1;Vibhav Gogate, Rina Dechter
Learning Performance of Prediction Markets with Kelly Bettors;151;1201.6655v1;Alina Beygelzimer, John Langford, David Pennock
Best-First AND/OR Search for Most Probable Explanations;151;1206.5268v1;Radu Marinescu, Rina Dechter
A Scheme for Approximating Probabilistic Inference;151;1302.1534v1;Rina Dechter, Irina Rish
Efficient Test Selection in Active Diagnosis via Entropy Approximation;151;1207.1418v1;Alice X. Zheng, Irina Rish, Alina Beygelzimer
Hybrid Processing of Beliefs and Constraints;151;1301.2265v1;Rina Dechter, David Ephraim Larkin
Resourceful Contextual Bandits;151;1402.6779v6;Ashwinkumar Badanidiyuru, John Langford, Aleksandrs Slivkins
Taming the Monster: A Fast and Simple Algorithm for Contextual Bandits;151;1402.0555v2;Alekh Agarwal, Daniel Hsu, Satyen Kale, John Langford, Lihong Li, Robert E. Schapire
Logarithmic Time Online Multiclass prediction;151;1406.1822v13;Anna Choromanska, John Langford
Proceedings of the 29th International Conference on Machine Learning (ICML-12);151;1207.4676v2;John Langford, Joelle Pineau
Predicting Conditional Quantiles via Reduction to Classification;151;1206.6860v1;John Langford, Roberto Oliveira, Bianca Zadrozny
Efficient programmable learning to search;151;1406.1837v1;Hal Daumé III, John Langford, Stephane Ross
Contextual Bandit Learning with Predictable Rewards;151;1202.1334v2;Alekh Agarwal, Miroslav Dudík, Satyen Kale, John Langford, Robert E. Schapire
BEEM : Bucket Elimination with External Memory;151;1203.3487v1;Kalev Kask, Rina Dechter, Andrew E. Gelfand
A Graphical Transformation for Belief Propagation: Maximum Weight Matchings and Odd-Sized Cycles;151;1306.1167v1;Jinwoo Shin, Andrew E. Gelfand, Michael Chertkov
Adjacency-Faithfulness and Conservative Causal Inference;153;1206.6843v1;Joseph Ramsey, Jiji Zhang, Peter L. Spirtes
A Transformational Characterization of Markov Equivalence for Directed Acyclic Graphs with Latent Variables;153;1207.1419v1;Jiji Zhang, Peter L. Spirtes
A Characterization of Markov Equivalence Classes for Directed Acyclic Graphs with Latent Variables;153;1206.5282v1;Jiji Zhang
Location-Based Reasoning about Complex Multi-Agent Behavior;153;1401.4593v1;Adam Sadilek, Henry Kautz
A Bayesian Approach to Tackling Hard Computational Problems;153;1301.2279v1;Eric J. Horvitz, Yongshao Ruan, Carla P. Gomes, Henry Kautz, Bart Selman, David Maxwell Chickering
Discovering Cyclic Causal Models by Independent Components Analysis;153;1206.3273v1;Gustavo Lacerda, Peter L. Spirtes, Joseph Ramsey, Patrik O. Hoyer
Upper-Bounding Proof Length with the Busy Beaver;153;1406.1808v1;Gustavo Lacerda
Causal discovery of linear acyclic models with arbitrary distributions;153;1206.3260v1;Patrik O. Hoyer, Aapo Hyvarinen, Richard Scheines, Peter L. Spirtes, Joseph Ramsey, Gustavo Lacerda, Shohei Shimizu
Estimating a Causal Order among Groups of Variables in Linear Models;153;1207.1977v1;Doris Entner, Patrik O. Hoyer
Discovery of non-gaussian linear causal models using ICA;153;1207.1413v1;Shohei Shimizu, Aapo Hyvarinen, Yutaka Kano, Patrik O. Hoyer
Bayesian Discovery of Linear Acyclic Causal Models;153;1205.2641v1;Patrik O. Hoyer, Antti Hyttinen
Noisy-OR Models with Latent Confounding;153;1202.3735v1;Antti Hyttinen, Frederick Eberhardt, Patrik O. Hoyer
Laplace's Method Approximations for Probabilistic Inference in Belief Networks with Continuous Variables;153;1302.6782v1;Adriano Azevedo-Filho, Ross D. Shachter
Evaluating influence diagrams with decision circuits;153;1206.5257v1;Debarun Bhattacharjya, Ross D. Shachter
End-User Construction of Influence Diagrams for Bayesian Statistics;153;1303.1459v1;Harold P. Lehmann, Ross D. Shachter
Sensitivity analysis in decision circuits;153;1206.3551v1;Debarun Bhattacharjya, Ross D. Shachter
Structural Controllability and Observability in Influence Diagrams;153;1303.5394v1;Brian Y. Chan, Ross D. Shachter
Using Potential Influence Diagrams for Probabilistic Inference and Decision Making;153;1303.1500v1;Ross D. Shachter, Pierre Ndilikilikesha
Strictly Proper Mechanisms with Cooperating Players;153;1202.3710v1;SangIn Chun, Ross D. Shachter
Mixtures of Gaussians and Minimum Relative Entropy Techniques for Modeling Continuous Uncertainties;153;1303.1476v1;William B. Poland, Ross D. Shachter
A Linear Approximation Method for Probabilistic Inference;153;1304.2373v1;Ross D. Shachter
Three new sensitivity analysis methods for influence diagrams;153;1203.3467v1;Debarun Bhattacharjya, Ross D. Shachter
Directed Reduction Algorithms and Decomposable Graphs;153;1304.1110v1;Ross D. Shachter, Stig K. Andersen, Kim-Leng Poh
Three Approaches to Probability Model Selection;153;1302.6838v1;William B. Poland, Ross D. Shachter
A Graph-Based Inference Method for Conditional Independence;153;1303.5749v1;Ross D. Shachter
Efficient Value of Information Computation;153;1301.6739v1;Ross D. Shachter
Decision Making Using Probabilistic Inference Methods;153;1303.5428v1;Ross D. Shachter, Mark Alan Peot
Global Conditioning for Probabilistic Inference in Belief Networks;153;1302.6843v1;Ross D. Shachter, Stig K. Andersen, Peter Szolovits
Dynamic programming in in uence diagrams with decision circuits;153;1203.3513v1;Ross D. Shachter, Debarun Bhattacharjya
A Decision-Based View of Causality;153;1302.6816v2;David Heckerman, Ross D. Shachter
Survey Propagation Revisited;153;1206.5273v1;Lukas Kroc, Ashish Sabharwal, Bart Selman
Playing games against nature: optimal policies for renewable resource allocation;153;1203.3478v1;Stefano Ermon, Jon Conrad, Carla P. Gomes, Bart Selman
Maximizing the Spread of Cascades Using Network Design;153;1203.3514v1;Daniel Sheldon, Bistra Dilkina, Adam N. Elmachtoub, Ryan Finseth, Ashish Sabharwal, Jon Conrad, Carla P. Gomes, David Shmoys, William Allen, Ole Amundsen, William Vaughan
On the Erdos Discrepancy Problem;153;1407.2510v1;Ronan Le Bras, Carla P. Gomes, Bart Selman
Algorithm Portfolio Design: Theory vs. Practice;153;1302.1541v1;Carla P. Gomes, Bart Selman
Importance Sampling via Variational Optimization;153;1206.5285v1;Ydo Wexler, Dan Geiger
Inference for Multiplicative Models;153;1206.3296v1;Ydo Wexler, Christopher Meek
Reformulating Inference Problems Through Selective Conditioning;153;1303.5397v1;Paul Dagum, Eric J. Horvitz
Time-Dependent Utility and Action Under Uncertainty;153;1303.5722v1;Eric J. Horvitz, Geoffrey Rutledge
Utility-Based Abstraction and Categorization;153;1303.1469v1;Eric J. Horvitz, Adrian Klein
Time-Critical Reasoning: Representations and Application;153;1302.1548v1;Eric J. Horvitz, Adam Seiver
Perception, Attention, and Resources: A Decision-Theoretic Approach to Graphics Rendering;153;1302.1547v1;Eric J. Horvitz, Jed Lengyel
Conversation as Action Under Uncertainty;153;1301.3883v1;Tim Paek, Eric J. Horvitz
Reasoning about the Value of Decision-Model Refinement: Methods and Application;153;1303.1475v1;Kim-Leng Poh, Eric J. Horvitz
Problem Formulation as the Reduction of a Decision Model;153;1304.1091v2;David Heckerman, Eric J. Horvitz
Collaborative Filtering by Personality Diagnosis: A Hybrid Memory- and Model-Based Approach;153;1301.3885v1;David M. Pennock, Eric J. Horvitz, Steve Lawrence, C. Lee Giles
On Discarding, Caching, and Recalling Samples in Active Learning;153;1206.5274v1;Ashish Kapoor, Eric J. Horvitz
A Synthesis of Logical and Probabilistic Reasoning for Program Understanding and Debugging;153;1303.1488v1;Lisa J. Burnell, Eric J. Horvitz
Dynamic Network Models for Forecasting;153;1303.5396v1;Paul Dagum, Adam Galper, Eric J. Horvitz
Understanding Sampling Style Adversarial Search Methods;153;1203.4011v1;Raghuram Ramanujan, Ashish Sabharwal, Bart Selman
Synthesizing Manipulation Sequences for Under-Specified Tasks using Unrolled Markov Random Fields;153;1306.5707v2;Jaeyong Sung, Bart Selman, Ashutosh Saxena
A Bayesian Approach to Learning Bayesian Networks with Local Structure;153;1302.1528v2;David Maxwell Chickering, David Heckerman, Christopher Meek
Learning Bayesian Networks: The Combination of Knowledge and Statistical Data;153;1302.6815v2;David Heckerman, Dan Geiger, David Maxwell Chickering
Advances in Probabilistic Reasoning;153;1303.5718v2;Dan Geiger, David Heckerman
Similarity Networks for the Construction of Multiple-Faults Belief Networks;153;1304.1085v2;David Heckerman
Separable and transitive graphoids;153;1304.1145v3;Dan Geiger, David Heckerman
Determining the Number of Non-Spurious Arcs in a Learned DAG Model: Investigation of a Bayesian and a Frequentist Approach;153;1206.5269v1;Jennifer Listgarden, David Heckerman
A powerful and efficient set test for genetic markers that handles confounders;153;1205.0793v3;Jennifer Listgarten, Christoph Lippert, Eun Yong Kang, Jing Xiang, Carl M. Kadie, David Heckerman
An Empirical Comparison of Three Inference Methods;153;1304.2357v2;David Heckerman
Structure and Parameter Learning for Causal Independence and Causal Interaction Models;153;1302.1561v2;Christopher Meek, David Heckerman
Dependency Networks for Collaborative Filtering and Data Visualization;153;1301.3862v1;David Heckerman, David Maxwell Chickering, Christopher Meek, Robert Rounthwaite, Carl Kadie
Models and Selection Criteria for Regression and Classification;153;1302.1545v1;David Heckerman, Christopher Meek
A Combination of Cutset Conditioning with Clique-Tree Propagation in the Pathfinder System;153;1304.1114v1;Jaap Suermondt, Gregory F. Cooper, David Heckerman
Inference Algorithms for Similarity Networks;153;1303.1493v2;Dan Geiger, David Heckerman
Diagnosis of Multiple Faults: A Sensitivity Analysis;153;1303.1463v2;David Heckerman, Michael Shwe
Addendum on the scoring of Gaussian directed acyclic graphical models;153;1402.6863v3;Jack Kuipers, Giusi Moffa, David Heckerman
Continuous Time Dynamic Topic Models;153;1206.3298v2;Chong Wang, David Blei, David Heckerman
A Decision Theoretic Approach to Targeted Advertising;153;1301.3842v1;David Maxwell Chickering, David Heckerman
Learning Gaussian Networks;153;1302.6808v1;Dan Geiger, David Heckerman
Causal Independence for Knowledge Acquisition and Inference;153;1303.1468v2;David Heckerman
Detecting Causal Relations in the Presence of Unmeasured Variables;153;1303.5754v1;Peter L. Spirtes
Semi-Instrumental Variables: A Test for Instrument Admissibility;153;1301.2261v1;Tianjiao Chu, Richard Scheines, Peter L. Spirtes
A theoretical study of Y structures for causal discovery;153;1206.6853v1;Subramani Mani, Peter L. Spirtes, Gregory F. Cooper
Kutato: An Entropy-Driven System for Construction of Probabilistic Expert Systems from Databases;153;1304.1088v1;Edward H. Herskovits, Gregory F. Cooper
A Bayesian Method for Constructing Bayesian Belief Networks from Databases;153;1303.5714v1;Gregory F. Cooper, Edward H. Herskovits
A Bayesian Method for Causal Modeling and Discovery Under Selection;153;1301.3844v1;Gregory F. Cooper
An Empirical Analysis of Likelihood-Weighting Simulation on a Large, Multiply-Connected Belief Network;153;1304.1141v1;Michael Shwe, Gregory F. Cooper
A Method for Using Belief Networks as Influence Diagrams;153;1304.2346v1;Gregory F. Cooper
A Randomized Approximation Algorithm of Logic Sampling;153;1304.1097v1;R. Martin Chavez, Gregory F. Cooper
KNET: Integrating Hypermedia and Bayesian Modeling;153;1304.2345v1;R. Martin Chavez, Gregory F. Cooper
A Structurally and Temporally Extended Bayesian Belief Network Model: Definitions, Properties, and Modeling Techniques;153;1302.3552v1;Constantin F. Aliferis, Gregory F. Cooper
An Evaluation of an Algorithm for Inductive Learning of Bayesian Belief Networks Usin;153;1302.6779v1;Constantin F. Aliferis, Gregory F. Cooper
Binary Classifier Calibration: Bayesian Non-Parametric Approach;153;1401.2955v1;Mahdi Pakdaman Naeini, Gregory F. Cooper, Milos Hauskrecht
Counting Markov Blanket Structures;153;1407.2483v2;Shyam Visweswaran, Gregory F. Cooper
Using Temporal Data for Making Recommendations;153;1301.2320v1;Andrew Zimdars, David Maxwell Chickering, Christopher Meek
Approximation Algorithms for the Loop Cutset Problem;153;1302.6787v1;Ann Becker, Dan Geiger
Perfect Tree-Like Markovian Distributions;153;1301.3834v1;Ann Becker, Dan Geiger, Christopher Meek
Rational Nonmonotonic Reasoning;153;1304.2361v1;Carl Kadie
Inference in Multiply Sectioned Bayesian Networks with Extended Shafer-Shenoy and Lazy Propagation;153;1301.6749v1;Yanping Xiang, Finn Verner Jensen
Time-Critical Dynamic Decision Making;153;1301.6750v1;Yanping Xiang, Kim-Leng Poh
Ergo: A Graphical Environment for Constructing Bayesian;153;1304.1095v1;Ingo Beinlich, Edward H. Herskovits
Probabilistic Constraint Satisfaction with Non-Gaussian Noise;153;1302.6780v1;Russ B. Altman, Cheng C. Chen, William B. Poland, Jaswinder Pal Singh
Additive Belief-Network Models;153;1303.1464v1;Paul Dagum, Adam Galper
Forecasting Sleep Apnea with Dynamic Network Models;153;1303.1461v1;Paul Dagum, Adam Galper
A Probabilistic Algorithm for Calculating Structure: Borrowing from Simulated Annealing;153;1303.1456v1;Russ B. Altman
Mean Field Variational Approximation for Continuous-Time Bayesian Networks;156;1205.2655v1;Ido Cohn, Tal El-Hay, Nir Friedman, Raz Kupferman
Gibbs Sampling in Factorized Continuous-Time Markov Processes;156;1206.3251v1;Tal El-Hay, Nir Friedman, Raz Kupferman
Incorporating Expressive Graphical Models in Variational Approximations: Chain-Graphs and Hidden Variables;156;1301.2268v1;Tal El-Hay, Nir Friedman
Modeling Events with Cascades of Poisson Processes;156;1203.3516v1;Aleksandr Simma, Michael I. Jordan
CT-NOR: Representing and Reasoning About Events in Continuous Time;156;1206.3280v1;Aleksandr Simma, Moises Goldszmidt, John MacCormick, Paul Barham, Richard Black, Rebecca Isaacs, Richard Mortier
Bayesian Model Averaging Using the k-best Bayesian Network Structures;156;1203.3520v1;Jin Tian, Ru He, Lavanya Ram
Generating Markov Equivalent Maximal Ancestral Graphs by Single Edge Replacement;156;1207.1428v1;Jin Tian
Probabilities of Causation: Bounds and Identification;156;1301.3898v1;Jin Tian, Judea Pearl
A Branch-and-Bound Algorithm for MDL Learning Bayesian Networks;156;1301.3897v1;Jin Tian
Causal Discovery from Changes;156;1301.2312v1;Jin Tian, Judea Pearl
Local Markov Property for Models Satisfying Composition Axiom;156;1207.1378v1;Changsung Kang, Jin Tian
Polynomial Constraints in Causal Bayesian Networks;156;1206.5275v1;Changsung Kang, Jin Tian
Inequality Constraints in Causal Models with Hidden Variables;156;1206.6829v1;Changsung Kang, Jin Tian
Identifying Dynamic Sequential Plans;156;1206.3292v1;Jin Tian
Computing Posterior Probabilities of Structural Features in Bayesian Networks;156;1205.2612v1;Jin Tian, Ru He
Convexifying the Bethe Free Energy;156;1205.2624v1;Ofer Meshi, Ariel Jaimovich, Amir Globerson, Nir Friedman
Template Based Inference in Symmetric Relational Markov Random Fields;156;1206.5276v1;Ariel Jaimovich, Ofer Meshi, Nir Friedman
Convergent message passing algorithms - a unifying view;156;1205.2625v1;Talya Meltzer, Amir Globerson, Yair Weiss
Tightening LP Relaxations for MAP using Message Passing;156;1206.3288v1;David Sontag, Talya Meltzer, Amir Globerson, Tommi S. Jaakkola, Yair Weiss
Convergent Propagation Algorithms via Oriented Trees;156;1206.5243v1;Amir Globerson, Tommi S. Jaakkola
Discriminative Learning via Semidefinite Probabilistic Models;156;1206.6815v1;Koby Crammer, Amir Globerson
What Cannot be Learned with Bethe Approximations;156;1202.3731v1;Uri Heinemann, Amir Globerson
Learning the Experts for Online Sequence Prediction;156;1206.4604v1;Elad Eban, Aharon Birnbaum, Shai Shalev-Shwartz, Amir Globerson
An Efficient Algorithm for Computing Interventional Distributions in Latent Variable Causal Models;156;1202.3763v1;Ilya Shpitser, Thomas S. Richardson, James M. Robins
Effects of Treatment on the Treated: Identification and Generalization;156;1205.2615v1;Ilya Shpitser, Judea Pearl
Counterfactual Graphical Models for Longitudinal Mediation Analysis with Unobserved Confounding;156;1205.0241v2;Ilya Shpitser
Identification of Conditional Interventional Distributions;156;1206.6876v1;Ilya Shpitser, Judea Pearl
On the Validity of Covariate Adjustment for Estimating Causal Effects;156;1203.3515v1;Ilya Shpitser, Tyler VanderWeele, James M. Robins
Confounding Equivalence in Causal Inference;156;1203.3505v1;Judea Pearl, Azaria Paz
On Testing Whether an Embedded Bayesian Network Represents a Probability Model;156;1302.6809v1;Dan Geiger, Azaria Paz, Judea Pearl
An Algorithm for Deciding if a Set of Observed Independencies Has a Causal Explanation;156;1303.5435v1;Tom S. Verma, Judea Pearl
Deciding Morality of Graphs is NP-complete;156;1303.1501v1;Tom S. Verma, Judea Pearl
Direct and Indirect Effects;156;1301.2300v1;Judea Pearl
A Probabilistic Calculus of Actions;156;1302.6835v1;Judea Pearl
Reasoning With Qualitative Probabilities Can Be Tractable;156;1303.5406v1;Moises Goldszmidt, Judea Pearl
On the Equivalence of Causal Models;156;1304.1108v1;Tom S. Verma, Judea Pearl
On a Class of Bias-Amplifying Variables that Endanger Effect Estimates;156;1203.3503v1;Judea Pearl
From Conditional Oughts to Qualitative Decision Theory;156;1303.1455v1;Judea Pearl
On the Logic of Causal Models;156;1304.2355v1;Dan Geiger, Judea Pearl
On Measurement Bias in Causal Inference;156;1203.3504v1;Judea Pearl
Counterfactual Probabilities: Computational Methods, Bounds and Applications;156;1302.6784v1;Alexander Balke, Judea Pearl
Graphical Condition for Identification in recursive SEM;156;1206.6821v1;Carlos Brito, Judea Pearl
Group Sparse Priors for Covariance Estimation;156;1205.2626v1;Benjamin Marlin, Mark Schmidt, Kevin Murphy
Modeling Discrete Interventional Data using Directed Cyclic Graphical Models;156;1205.2617v1;Mark Schmidt, Kevin Murphy
The Factored Frontier Algorithm for Approximate Inference in DBNs;156;1301.2296v1;Kevin Murphy, Yair Weiss
Bayesian structure learning using dynamic programming and MCMC;156;1206.5247v1;Daniel Eaton, Kevin Murphy
Sequential Update of Bayesian Network Structure;156;1302.1538v1;Nir Friedman, Moises Goldszmidt
Multivariate Information Bottleneck;156;1301.2270v1;Nir Friedman, Ori Mosenzon, Noam Slonim, Naftali Tishby
Gaussian Process Networks;156;1301.3857v1;Nir Friedman, Iftach Nachman
Dimension Reduction in Singularly Perturbed Continuous-Time Bayesian Networks;156;1206.6835v1;Nir Friedman, Raz Kupferman
Likelihood Computations Using Value Abstractions;156;1301.3855v1;Nir Friedman, Dan Geiger, Noam Lotner
MAP Estimation, Linear Programming and Belief Propagation with Convex Free Energies;156;1206.5286v1;Yair Weiss, Chen Yanover, Talya Meltzer
Latent Topic Models for Hypertext;156;1206.3254v1;Amit Gruber, Michal Rosen-Zvi, Yair Weiss
Metric Description of Defects in Amorphous Materials;156;1306.1624v3;Raz Kupferman, Michael Moshe, Jake P. Solomon
Making life better one large system at a time: Challenges for UAI research;156;1206.5279v1;Moises Goldszmidt
An Entropy-based Learning Algorithm of Bayesian Conditional Trees;156;1303.5403v1;Dan Geiger
On reasoning in networks with qualitative uncertainty;256;1303.1506v1;Simon Parsons, E. H. Mamdani
Re-entrant Structural Phase Transition in a Frustrated Kagome Magnet,  Rb2SnCu3F12;256;1308.4519v1;Lewis J. Downie, Stephen P. Thompson, Chiu C. Tang, Simon Parsons, Philip Lightfoot
Pivotal Pruning of Trade-offs in QPNs;256;1301.3889v1;Silja Renooij, Linda C. van der Gaag, Simon Parsons, Shaw Green
Risk Agoras: Dialectical Argumentation for Scientific Reasoning;256;1301.3874v1;Peter McBurney, Simon Parsons
Local structure correlations in plastic cyclohexane - a Reverse Monte  Carlo study;256;1301.3312v1;Nicholas P. Funnell, Martin T. Dove, Andrew L. Goodwin, Simon Parsons, Matthew G. Tucker
aHUGIN: A System Creating Adaptive Causal Probabilistic Networks;256;1303.5421v1;Kristian G. Olesen, Steffen L. Lauritzen, Finn Verner Jensen
Pre-processing for Triangulation of Probabilistic Networks;256;1301.2256v1;Hans L. Bodlaender, Arie M.C.A. Koster, Frank van den Eijkhof, Linda C. van der Gaag
Solving Influence Diagrams using HUGIN, Shafer-Shenoy and Lazy Propagation;256;1301.2291v1;Anders L. Madsen, Dennis Nilsson
Evaluating Influence Diagrams using LIMIDs;256;1301.3881v1;Dennis Nilsson, Steffen L. Lauritzen
Enhancing QPNs for Trade-off Resolution;256;1301.6735v1;Silja Renooij, Linda C. van der Gaag
Analysing Sensitivity Data from Probabilistic Networks;256;1301.2314v1;Linda C. van der Gaag, Silja Renooij
How to Elicit Many Probabilities;256;1301.6745v1;Linda C. van der Gaag, Silja Renooij, Cilia L. M. Witteman, Berthe M. P. Aleman, Babs G. Taal
Using ROBDDs for Inference in Bayesian Networks with Troubleshooting as an Example;256;1301.3880v1;Thomas D. Nielsen, Pierre-Henri Wuillemin, Finn Verner Jensen, Uffe Kjærulff
A computational scheme for Reasoning in Dynamic Probabilistic Networks;256;1303.5407v1;Uffe Kjærulff
Making Sensitivity Analysis Computationally Efficient;256;1301.3868v1;Uffe Kjærulff, Linda C. van der Gaag
Nested Junction Trees;256;1302.1553v1;Uffe Kjærulff
Reduction of Computational Complexity in Bayesian Networks through Removal of Weak Dependencies;256;1302.6825v1;Uffe Kjærulff
Welldefined Decision Scenarios;256;1301.6729v1;Thomas D. Nielsen, Finn Verner Jensen
Representing and Solving Asymmetric Bayesian Decision Problems;256;1301.3879v1;Thomas D. Nielsen, Finn Verner Jensen
MAIES: A Tool for DNA Mixture Analysis;256;1206.6816v1;Robert G. Cowell, Steffen L. Lauritzen, Julia Mortera
The Cost of Troubleshooting Cost Clusters with Inside Information;256;1203.3502v1;Thorsten J. Ottosen, Finn Verner Jensen
Myopic Value of Information in Influence Diagrams;256;1302.1535v1;Soren L. Dittmer, Finn Verner Jensen
Analysis in HUGIN of Data Conflict;256;1304.1146v1;Bo Chamberlain, Finn Verner Jensen, Frank Jensen, Torsten Nordahl
Optimal Junction Trees;256;1302.6823v1;Finn Verner Jensen, Frank Jensen
From Influence Diagrams to Junction Trees;256;1302.6824v1;Frank Jensen, Finn Verner Jensen, Soren L. Dittmer
The Computational Complexity of Sensitivity Analysis and Parameter Tuning;256;1206.3265v1;Johan Kwisthout, Linda C. van der Gaag
Approximations in Bayesian Belief Universe for Knowledge Based Systems;256;1304.1101v1;Frank Jensen, S. K. Anderson
Sensitivity Analysis for Threshold Decision Making with Dynamic Networks;256;1206.6818v1;Theodore Charitos, Linda C. van der Gaag
Computing Probability Intervals Under Independency Constraints;256;1304.1140v1;Linda C. van der Gaag
Learning Bayesian Network Parameters with Prior Knowledge about Context-Specific Qualitative Influences;256;1207.1387v1;Ad Feelders, Linda C. van der Gaag
Propagation using Chain Event Graphs;256;1206.3293v1;Peter Thwaites, Jim Q. Smith, Robert G. Cowell
Approximate Learning in Complex Dynamic Bayesian Networks;256;1301.6738v1;Raffaella Settimi, Jim Q. Smith, A. S. Gargoum
Exact Estimation of Multiple Directed Acyclic Graphs;256;1404.1238v3;Chris J. Oates, Jim Q. Smith, Sach Mukherjee, James Cussens
Conditions Under Which Conditional Independence and Scoring Methods Lead to Identical Selection of Bayesian Network Models;256;1301.2262v1;Robert G. Cowell
A new parameter Learning Method for Bayesian Networks with Qualitative Influences;256;1206.5245v1;Ad Feelders
Kernel Bounds for Structural Parameterizations of Pathwidth;256;1207.4900v1;Hans L. Bodlaender, Bart M. P. Jansen, Stefan Kratsch
Characterizing width two for variants of treewidth;256;1404.3155v2;Hans L. Bodlaender, Vincent J.C. Kreuzen, Stefan Kratsch, O-joung Kwon, Seongmin Ok
Solving weighted and counting variants of connectivity problems parameterized by treewidth deterministically in single exponential time;256;1211.1505v1;Hans L. Bodlaender, Marek Cygan, Stefan Kratsch, Jesper Nederlof
Kernelization Lower Bounds By Cross-Composition;256;1206.5941v1;Hans L. Bodlaender, Bart M. P. Jansen, Stefan Kratsch
Chi-square Tests Driven Method for Learning the Structure of Factored MDPs;256;1206.6842v1;Thomas Degris, Olivier Sigaud, Pierre-Henri Wuillemin
Belief Update in CLG Bayesian Networks With Lazy Propagation;256;1206.6854v1;Anders L. Madsen